{"linear_regression": {"r2": -0.08110778954851705, "mae": 20.786790927384633}, "random_forest": {"r2": -0.1966700811145512, "mae": 21.609574166666665}, "best_model": "Linear Regression"}